Sizing:Parameters,Sizing:Parameters,Heating Sizing Factor,1.5,1.05,1.95,uniform,float,,
Sizing:Parameters,Sizing:Parameters,Cooling Sizing Factor,1.5,1.05,1.95,uniform,float,,
Lights,Floor 1 Anesthesia_Lights,Watts per Zone Floor Area,32.29,22.603,41.977,uniform,float,,
Lights,Floor 1 Bio Haz_Lights,Watts per Zone Floor Area,9.69,6.783,12.597,uniform,float,G0001,
Lights,Floor 1 Cafe_Lights,Watts per Zone Floor Area,9.69,6.783,12.597,uniform,float,G0001,
Lights,Floor 1 Clean Work_Lights,Watts per Zone Floor Area,12.92,9.044,16.796,uniform,float,G0002,
Lights,Floor 1 Clean_Lights,Watts per Zone Floor Area,12.92,9.044,16.796,uniform,float,G0002,
Lights,Floor 1 Dictation_Lights,Watts per Zone Floor Area,11.84,8.288,15.392,uniform,float,G0003,
Lights,Floor 1 Dressing Room_Lights,Watts per Zone Floor Area,11.84,8.288,15.392,uniform,float,G0003,
Lights,Floor 1 Electrical Room_Lights,Watts per Zone Floor Area,9.69,6.783,12.597,uniform,float,G0001,
Lights,Floor 1 Elevator Pump Room_Lights,Watts per Zone Floor Area,9.69,6.783,12.597,uniform,float,G0001,
Lights,Floor 1 Humid_Lights,Watts per Zone Floor Area,11.84,8.288,15.392,uniform,float,G0003,
Lights,Floor 1 IT Hall_Lights,Watts per Zone Floor Area,10.76,7.532,13.988,uniform,float,G0004,
Lights,Floor 1 IT Room_Lights,Watts per Zone Floor Area,11.84,8.288,15.392,uniform,float,G0003,
Lights,Floor 1 Lobby Hall_Lights,Watts per Zone Floor Area,10.76,7.532,13.988,uniform,float,G0004,
Lights,Floor 1 Lobby Toilet_Lights,Watts per Zone Floor Area,9.69,6.783,12.597,uniform,float,G0001,
Lights,Floor 1 Lobby_Lights,Watts per Zone Floor Area,13.99,9.793,18.187,uniform,float,,
Lights,Floor 1 Locker Room Hall_Lights,Watts per Zone Floor Area,10.76,7.532,13.988,uniform,float,G0004,
Lights,Floor 1 Locker Room_Lights,Watts per Zone Floor Area,8.61,6.027,11.193,uniform,float,G0005,
Lights,Floor 1 Lounge_Lights,Watts per Zone Floor Area,8.61,6.027,11.193,uniform,float,G0005,
Lights,Floor 1 MRI Control Room_Lights,Watts per Zone Floor Area,4.31,3.017,5.603,uniform,float,,
Lights,Floor 1 MRI Hall_Lights,Watts per Zone Floor Area,10.76,7.532,13.988,uniform,float,G0004,
Lights,Floor 1 MRI Room_Lights,Watts per Zone Floor Area,4.31,3.017,5.603,uniform,float,,
Lights,Floor 1 MRI Toilet_Lights,Watts per Zone Floor Area,9.69,6.783,12.597,uniform,float,G0001,
Lights,Floor 1 Med Gas_Lights,Watts per Zone Floor Area,9.69,6.783,12.597,uniform,float,G0001,
Lights,Floor 1 Nourishment_Lights,Watts per Zone Floor Area,10.76,7.532,13.988,uniform,float,G0004,
Lights,Floor 1 Nurse Hall_Lights,Watts per Zone Floor Area,10.76,7.532,13.988,uniform,float,G0004,
Lights,Floor 1 Nurse Janitor_Lights,Watts per Zone Floor Area,9.69,6.783,12.597,uniform,float,G0001,
Lights,Floor 1 Nurse Station_Lights,Watts per Zone Floor Area,10.76,7.532,13.988,uniform,float,G0004,
Lights,Floor 1 Nurse Toilet_Lights,Watts per Zone Floor Area,9.69,6.783,12.597,uniform,float,G0001,
Lights,Floor 1 Office_Lights,Watts per Zone Floor Area,11.84,8.288,15.392,uniform,float,G0003,
Lights,Floor 1 Operating Room 1_Lights,Watts per Zone Floor Area,23.68,16.576,30.784,uniform,float,G0006,
Lights,Floor 1 Operating Room 2_Lights,Watts per Zone Floor Area,23.68,16.576,30.784,uniform,float,G0006,
Lights,Floor 1 Operating Room 3_Lights,Watts per Zone Floor Area,23.68,16.576,30.784,uniform,float,G0006,
Lights,Floor 1 PACU_Lights,Watts per Zone Floor Area,8.61,6.027,11.193,uniform,float,G0005,
Lights,Floor 1 Pre-Op Hall_Lights,Watts per Zone Floor Area,10.76,7.532,13.988,uniform,float,G0004,
Lights,Floor 1 Pre-Op Room 1_Lights,Watts per Zone Floor Area,7.53,5.271,9.789,uniform,float,G0007,
Lights,Floor 1 Pre-Op Room 2_Lights,Watts per Zone Floor Area,7.53,5.271,9.789,uniform,float,G0007,
Lights,Floor 1 Pre-Op Toilet_Lights,Watts per Zone Floor Area,9.69,6.783,12.597,uniform,float,G0001,
Lights,Floor 1 Procedure Room_Lights,Watts per Zone Floor Area,23.68,16.576,30.784,uniform,float,G0006,
Lights,Floor 1 Reception Hall_Lights,Watts per Zone Floor Area,10.76,7.532,13.988,uniform,float,G0004,
Lights,Floor 1 Reception_Lights,Watts per Zone Floor Area,13.99,9.793,18.187,uniform,float,,
Lights,Floor 1 Recovery Room_Lights,Watts per Zone Floor Area,8.61,6.027,11.193,uniform,float,G0005,
Lights,Floor 1 Scheduling_Lights,Watts per Zone Floor Area,11.84,8.288,15.392,uniform,float,G0003,
Lights,Floor 1 Scrub_Lights,Watts per Zone Floor Area,10.76,7.532,13.988,uniform,float,G0004,
Lights,Floor 1 Soil Hold_Lights,Watts per Zone Floor Area,12.92,9.044,16.796,uniform,float,G0002,
Lights,Floor 1 Soil Work_Lights,Watts per Zone Floor Area,12.92,9.044,16.796,uniform,float,G0002,
Lights,Floor 1 Soil_Lights,Watts per Zone Floor Area,12.92,9.044,16.796,uniform,float,G0002,
Lights,Floor 1 Step Down_Lights,Watts per Zone Floor Area,8.61,6.027,11.193,uniform,float,G0005,
Lights,Floor 1 Sterile Hall_Lights,Watts per Zone Floor Area,10.76,7.532,13.988,uniform,float,G0004,
Lights,Floor 1 Sterile Storage_Lights,Watts per Zone Floor Area,9.69,6.783,12.597,uniform,float,G0001,
Lights,Floor 1 Storage_Lights,Watts per Zone Floor Area,9.69,6.783,12.597,uniform,float,G0001,
Lights,Floor 1 Sub-Sterile_Lights,Watts per Zone Floor Area,10.76,7.532,13.988,uniform,float,G0004,
Lights,Floor 1 Utility Hall_Lights,Watts per Zone Floor Area,10.76,7.532,13.988,uniform,float,G0004,
Lights,Floor 1 Utility Janitor_Lights,Watts per Zone Floor Area,9.69,6.783,12.597,uniform,float,G0001,
Lights,Floor 1 Utility Room_Lights,Watts per Zone Floor Area,9.69,6.783,12.597,uniform,float,G0001,
Lights,Floor 1 Vestibule_Lights,Watts per Zone Floor Area,10.76,7.532,13.988,uniform,float,G0004,
Lights,Floor 2 Conference Toilet_Lights,Watts per Zone Floor Area,9.69,6.783,12.597,uniform,float,G0001,
Lights,Floor 2 Conference_Lights,Watts per Zone Floor Area,13.99,9.793,18.187,uniform,float,,
Lights,Floor 2 Dictation_Lights,Watts per Zone Floor Area,11.84,8.288,15.392,uniform,float,G0003,
Lights,Floor 2 Exam 1_Lights,Watts per Zone Floor Area,16.15,11.305,20.995,uniform,float,G0008,
Lights,Floor 2 Exam 2_Lights,Watts per Zone Floor Area,16.15,11.305,20.995,uniform,float,G0008,
Lights,Floor 2 Exam 3_Lights,Watts per Zone Floor Area,16.15,11.305,20.995,uniform,float,G0008,
Lights,Floor 2 Exam 4_Lights,Watts per Zone Floor Area,16.15,11.305,20.995,uniform,float,G0008,
Lights,Floor 2 Exam 5_Lights,Watts per Zone Floor Area,16.15,11.305,20.995,uniform,float,G0008,
Lights,Floor 2 Exam 6_Lights,Watts per Zone Floor Area,16.15,11.305,20.995,uniform,float,G0008,
Lights,Floor 2 Exam 7_Lights,Watts per Zone Floor Area,16.15,11.305,20.995,uniform,float,G0008,
Lights,Floor 2 Exam 8_Lights,Watts per Zone Floor Area,16.15,11.305,20.995,uniform,float,G0008,
Lights,Floor 2 Exam 9_Lights,Watts per Zone Floor Area,16.15,11.305,20.995,uniform,float,G0008,
Lights,Floor 2 Exam Hall 1_Lights,Watts per Zone Floor Area,10.76,7.532,13.988,uniform,float,G0004,
Lights,Floor 2 Exam Hall 2_Lights,Watts per Zone Floor Area,10.76,7.532,13.988,uniform,float,G0004,
Lights,Floor 2 Exam Hall 3_Lights,Watts per Zone Floor Area,10.76,7.532,13.988,uniform,float,G0004,
Lights,Floor 2 Exam Hall 4_Lights,Watts per Zone Floor Area,10.76,7.532,13.988,uniform,float,G0004,
Lights,Floor 2 Exam Hall 5_Lights,Watts per Zone Floor Area,10.76,7.532,13.988,uniform,float,G0004,
Lights,Floor 2 Exam Hall 6_Lights,Watts per Zone Floor Area,10.76,7.532,13.988,uniform,float,G0004,
Lights,Floor 2 Janitor_Lights,Watts per Zone Floor Area,9.69,6.783,12.597,uniform,float,G0001,
Lights,Floor 2 Lounge_Lights,Watts per Zone Floor Area,8.61,6.027,11.193,uniform,float,G0005,
Lights,Floor 2 Nurse Station 1_Lights,Watts per Zone Floor Area,10.76,7.532,13.988,uniform,float,G0004,
Lights,Floor 2 Nurse Station 2_Lights,Watts per Zone Floor Area,10.76,7.532,13.988,uniform,float,G0004,
Lights,Floor 2 Office Hall_Lights,Watts per Zone Floor Area,10.76,7.532,13.988,uniform,float,G0004,
Lights,Floor 2 Office_Lights,Watts per Zone Floor Area,11.84,8.288,15.392,uniform,float,G0003,
Lights,Floor 2 Reception Hall_Lights,Watts per Zone Floor Area,10.76,7.532,13.988,uniform,float,G0004,
Lights,Floor 2 Reception Toilet_Lights,Watts per Zone Floor Area,9.69,6.783,12.597,uniform,float,G0001,
Lights,Floor 2 Reception_Lights,Watts per Zone Floor Area,13.99,9.793,18.187,uniform,float,,
Lights,Floor 2 Scheduling 1_Lights,Watts per Zone Floor Area,11.84,8.288,15.392,uniform,float,G0003,
Lights,Floor 2 Scheduling 2_Lights,Watts per Zone Floor Area,11.84,8.288,15.392,uniform,float,G0003,
Lights,Floor 2 Storage 1_Lights,Watts per Zone Floor Area,9.69,6.783,12.597,uniform,float,G0001,
Lights,Floor 2 Storage 2_Lights,Watts per Zone Floor Area,9.69,6.783,12.597,uniform,float,G0001,
Lights,Floor 2 Storage 3_Lights,Watts per Zone Floor Area,9.69,6.783,12.597,uniform,float,G0001,
Lights,Floor 2 Utility_Lights,Watts per Zone Floor Area,9.69,6.783,12.597,uniform,float,G0001,
Lights,Floor 2 Work Hall_Lights,Watts per Zone Floor Area,10.76,7.532,13.988,uniform,float,G0004,
Lights,Floor 2 Work Toilet_Lights,Watts per Zone Floor Area,9.69,6.783,12.597,uniform,float,G0001,
Lights,Floor 2 Work_Lights,Watts per Zone Floor Area,11.84,8.288,15.392,uniform,float,G0003,
Lights,Floor 2 X-Ray_Lights,Watts per Zone Floor Area,4.31,3.017,5.603,uniform,float,,
Lights,Floor 3 Dressing Room_Lights,Watts per Zone Floor Area,11.84,8.288,15.392,uniform,float,G0003,
Lights,Floor 3 Elevator Hall_Lights,Watts per Zone Floor Area,10.76,7.532,13.988,uniform,float,G0004,
Lights,Floor 3 Humid_Lights,Watts per Zone Floor Area,11.84,8.288,15.392,uniform,float,G0003,
Lights,Floor 3 Janitor_Lights,Watts per Zone Floor Area,9.69,6.783,12.597,uniform,float,G0001,
Lights,Floor 3 Locker_Lights,Watts per Zone Floor Area,8.61,6.027,11.193,uniform,float,G0005,
Lights,Floor 3 Lounge Toilet_Lights,Watts per Zone Floor Area,9.69,6.783,12.597,uniform,float,G0001,
Lights,Floor 3 Lounge_Lights,Watts per Zone Floor Area,8.61,6.027,11.193,uniform,float,G0005,
Lights,Floor 3 Mechanical Hall_Lights,Watts per Zone Floor Area,10.76,7.532,13.988,uniform,float,G0004,
Lights,Floor 3 Mechanical_Lights,Watts per Zone Floor Area,9.69,6.783,12.597,uniform,float,G0001,
Lights,Floor 3 Office Hall_Lights,Watts per Zone Floor Area,10.76,7.532,13.988,uniform,float,G0004,
Lights,Floor 3 Office Toilet_Lights,Watts per Zone Floor Area,9.69,6.783,12.597,uniform,float,G0001,
Lights,Floor 3 Office_Lights,Watts per Zone Floor Area,11.84,8.288,15.392,uniform,float,G0003,
Lights,Floor 3 Physical Therapy 1_Lights,Watts per Zone Floor Area,9.69,6.783,12.597,uniform,float,G0001,
Lights,Floor 3 Physical Therapy 2_Lights,Watts per Zone Floor Area,9.69,6.783,12.597,uniform,float,G0001,
Lights,Floor 3 Physical Therapy Toilet_Lights,Watts per Zone Floor Area,9.69,6.783,12.597,uniform,float,G0001,
Lights,Floor 3 Storage 1_Lights,Watts per Zone Floor Area,9.69,6.783,12.597,uniform,float,G0001,
Lights,Floor 3 Storage 2_Lights,Watts per Zone Floor Area,9.69,6.783,12.597,uniform,float,G0001,
Lights,Floor 3 Treatment_Lights,Watts per Zone Floor Area,16.15,11.305,20.995,uniform,float,G0008,
Lights,Floor 3 Utility_Lights,Watts per Zone Floor Area,9.69,6.783,12.597,uniform,float,G0001,
Lights,Floor 3 Work_Lights,Watts per Zone Floor Area,11.84,8.288,15.392,uniform,float,G0003,
Lights,NE Stair_Lights,Watts per Zone Floor Area,10.76,7.532,13.988,uniform,float,G0004,
Lights,NW Elevator_Lights,Watts per Zone Floor Area,10.76,7.532,13.988,uniform,float,G0004,
Lights,NW Stair_Lights,Watts per Zone Floor Area,10.76,7.532,13.988,uniform,float,G0004,
Lights,SW Stair_Lights,Watts per Zone Floor Area,10.76,7.532,13.988,uniform,float,G0004,
ElectricEquipment,Floor 1 Anesthesia_PlugMisc_Equip,Watts per Zone Floor Area,21.53,15.071,27.989,uniform,float,G0009,
ElectricEquipment,Floor 1 Bio Haz_PlugMisc_Equip,Watts per Zone Floor Area,1.08,0.756,1.404,uniform,float,,
ElectricEquipment,Floor 1 Cafe_PlugMisc_Equip,Watts per Zone Floor Area,10.76,7.532,13.988,uniform,float,G0004,
ElectricEquipment,Floor 1 Clean Work_PlugMisc_Equip,Watts per Zone Floor Area,21.53,15.071,27.989,uniform,float,G0009,
ElectricEquipment,Floor 1 Clean_PlugMisc_Equip,Watts per Zone Floor Area,21.53,15.071,27.989,uniform,float,G0009,
ElectricEquipment,Floor 1 Dictation_PlugMisc_Equip,Watts per Zone Floor Area,11.84,8.288,15.392,uniform,float,G0003,
ElectricEquipment,Floor 1 Dressing Room_PlugMisc_Equip,Watts per Zone Floor Area,11.84,8.288,15.392,uniform,float,G0003,
ElectricEquipment,Floor 1 Electrical Room_PlugMisc_Equip,Watts per Zone Floor Area,53.82,37.674,69.966,uniform,float,,
ElectricEquipment,Floor 1 Elevator Pump Room_Elevators_Equip,Design Level,48164.8351648,33715.38,62614.29,uniform,float,,
ElectricEquipment,Floor 1 Humid_PlugMisc_Equip,Watts per Zone Floor Area,11.84,8.288,15.392,uniform,float,G0003,
ElectricEquipment,Floor 1 IT Hall_PlugMisc_Equip,Watts per Zone Floor Area,4.31,3.017,5.603,uniform,float,,
ElectricEquipment,Floor 1 IT Room_PlugMisc_Equip,Watts per Zone Floor Area,11.84,8.288,15.392,uniform,float,G0003,
ElectricEquipment,Floor 1 Lobby Hall_PlugMisc_Equip,Watts per Zone Floor Area,4.31,3.017,5.603,uniform,float,,
ElectricEquipment,Floor 1 Lobby Toilet_PlugMisc_Equip,Watts per Zone Floor Area,4.31,3.017,5.603,uniform,float,,
ElectricEquipment,Floor 1 Lobby Toilet_ZoneExhaustFans,Design Level,15.7100591716,10.997,20.423,uniform,float,,
ElectricEquipment,Floor 1 Lobby_PlugMisc_Equip,Watts per Zone Floor Area,11.84,8.288,15.392,uniform,float,G0003,
ElectricEquipment,Floor 1 Locker Room Hall_PlugMisc_Equip,Watts per Zone Floor Area,4.31,3.017,5.603,uniform,float,,
ElectricEquipment,Floor 1 Locker Room_PlugMisc_Equip,Watts per Zone Floor Area,32.29,22.603,41.977,uniform,float,G0010,
ElectricEquipment,Floor 1 Lounge_PlugMisc_Equip,Watts per Zone Floor Area,32.29,22.603,41.977,uniform,float,G0010,
ElectricEquipment,Floor 1 MRI Control Room_PlugMisc_Equip,Watts per Zone Floor Area,11.84,8.288,15.392,uniform,float,G0003,
ElectricEquipment,Floor 1 MRI Hall_PlugMisc_Equip,Watts per Zone Floor Area,4.31,3.017,5.603,uniform,float,,
ElectricEquipment,Floor 1 MRI Room_PlugMisc_Equip,Design Level,23445.7,16411.99,30479.41,uniform,float,,
ElectricEquipment,Floor 1 MRI Toilet_PlugMisc_Equip,Watts per Zone Floor Area,4.31,3.017,5.603,uniform,float,,
ElectricEquipment,Floor 1 MRI Toilet_ZoneExhaustFans,Design Level,15.7100591716,10.997,20.423,uniform,float,,
ElectricEquipment,Floor 1 Med Gas_PlugMisc_Equip,Watts per Zone Floor Area,1.08,0.756,1.404,uniform,float,,
ElectricEquipment,Floor 1 Nourishment_PlugMisc_Equip,Watts per Zone Floor Area,21.53,15.071,27.989,uniform,float,G0009,
ElectricEquipment,Floor 1 Nurse Hall_PlugMisc_Equip,Watts per Zone Floor Area,4.31,3.017,5.603,uniform,float,,
ElectricEquipment,Floor 1 Nurse Station_PlugMisc_Equip,Watts per Zone Floor Area,21.53,15.071,27.989,uniform,float,G0009,
ElectricEquipment,Floor 1 Nurse Toilet_PlugMisc_Equip,Watts per Zone Floor Area,4.31,3.017,5.603,uniform,float,,
ElectricEquipment,Floor 1 Nurse Toilet_ZoneExhaustFans,Design Level,15.7100591716,10.997,20.423,uniform,float,,
ElectricEquipment,Floor 1 Office_PlugMisc_Equip,Watts per Zone Floor Area,11.84,8.288,15.392,uniform,float,G0003,
ElectricEquipment,Floor 1 Operating Room 1_PlugMisc_Equip,Watts per Zone Floor Area,43.06,30.142,55.978,uniform,float,G0011,
ElectricEquipment,Floor 1 Operating Room 2_PlugMisc_Equip,Watts per Zone Floor Area,43.06,30.142,55.978,uniform,float,G0011,
ElectricEquipment,Floor 1 Operating Room 3_PlugMisc_Equip,Watts per Zone Floor Area,43.06,30.142,55.978,uniform,float,G0011,
ElectricEquipment,Floor 1 PACU_PlugMisc_Equip,Watts per Zone Floor Area,32.29,22.603,41.977,uniform,float,G0010,
ElectricEquipment,Floor 1 Pre-Op Hall_PlugMisc_Equip,Watts per Zone Floor Area,4.31,3.017,5.603,uniform,float,,
ElectricEquipment,Floor 1 Pre-Op Room 1_PlugMisc_Equip,Watts per Zone Floor Area,21.53,15.071,27.989,uniform,float,G0009,
ElectricEquipment,Floor 1 Pre-Op Room 2_PlugMisc_Equip,Watts per Zone Floor Area,21.53,15.071,27.989,uniform,float,G0009,
ElectricEquipment,Floor 1 Pre-Op Toilet_PlugMisc_Equip,Watts per Zone Floor Area,4.31,3.017,5.603,uniform,float,,
ElectricEquipment,Floor 1 Pre-Op Toilet_ZoneExhaustFans,Design Level,15.7100591716,10.997,20.423,uniform,float,,
ElectricEquipment,Floor 1 Procedure Room_PlugMisc_Equip,Watts per Zone Floor Area,32.29,22.603,41.977,uniform,float,G0010,
ElectricEquipment,Floor 1 Reception Hall_PlugMisc_Equip,Watts per Zone Floor Area,4.31,3.017,5.603,uniform,float,,
ElectricEquipment,Floor 1 Reception_PlugMisc_Equip,Watts per Zone Floor Area,11.84,8.288,15.392,uniform,float,G0003,
ElectricEquipment,Floor 1 Recovery Room_PlugMisc_Equip,Watts per Zone Floor Area,32.29,22.603,41.977,uniform,float,G0010,
ElectricEquipment,Floor 1 Scheduling_PlugMisc_Equip,Watts per Zone Floor Area,11.84,8.288,15.392,uniform,float,G0003,
ElectricEquipment,Floor 1 Scrub_PlugMisc_Equip,Watts per Zone Floor Area,4.31,3.017,5.603,uniform,float,,
ElectricEquipment,Floor 1 Soil Hold_PlugMisc_Equip,Watts per Zone Floor Area,21.53,15.071,27.989,uniform,float,G0009,
ElectricEquipment,Floor 1 Soil Work_PlugMisc_Equip,Watts per Zone Floor Area,21.53,15.071,27.989,uniform,float,G0009,
ElectricEquipment,Floor 1 Soil_PlugMisc_Equip,Watts per Zone Floor Area,21.53,15.071,27.989,uniform,float,G0009,
ElectricEquipment,Floor 1 Step Down_PlugMisc_Equip,Watts per Zone Floor Area,32.29,22.603,41.977,uniform,float,G0010,
ElectricEquipment,Floor 1 Sterile Hall_PlugMisc_Equip,Watts per Zone Floor Area,4.31,3.017,5.603,uniform,float,,
ElectricEquipment,Floor 1 Sterile Storage_PlugMisc_Equip,Watts per Zone Floor Area,1.08,0.756,1.404,uniform,float,,
ElectricEquipment,Floor 1 Sub-Sterile_PlugMisc_Equip,Watts per Zone Floor Area,4.31,3.017,5.603,uniform,float,,
ElectricEquipment,Floor 1 Utility Hall_PlugMisc_Equip,Watts per Zone Floor Area,4.31,3.017,5.603,uniform,float,,
ElectricEquipment,Floor 1 Utility Room_PlugMisc_Equip,Watts per Zone Floor Area,1.08,0.756,1.404,uniform,float,,
ElectricEquipment,Floor 1 Vestibule_PlugMisc_Equip,Watts per Zone Floor Area,4.31,3.017,5.603,uniform,float,,
ElectricEquipment,Floor 2 Conference Toilet_PlugMisc_Equip,Watts per Zone Floor Area,4.31,3.017,5.603,uniform,float,,
ElectricEquipment,Floor 2 Conference Toilet_ZoneExhaustFans,Design Level,18.6168639053,13.032,24.202,uniform,float,,
ElectricEquipment,Floor 2 Conference_PlugMisc_Equip,Watts per Zone Floor Area,10.76,7.532,13.988,uniform,float,G0004,
ElectricEquipment,Floor 2 Dictation_PlugMisc_Equip,Watts per Zone Floor Area,11.84,8.288,15.392,uniform,float,G0003,
ElectricEquipment,Floor 2 Exam 1_PlugMisc_Equip,Watts per Zone Floor Area,11.84,8.288,15.392,uniform,float,G0003,
ElectricEquipment,Floor 2 Exam 2_PlugMisc_Equip,Watts per Zone Floor Area,11.84,8.288,15.392,uniform,float,G0003,
ElectricEquipment,Floor 2 Exam 3_PlugMisc_Equip,Watts per Zone Floor Area,11.84,8.288,15.392,uniform,float,G0003,
ElectricEquipment,Floor 2 Exam 4_PlugMisc_Equip,Watts per Zone Floor Area,11.84,8.288,15.392,uniform,float,G0003,
ElectricEquipment,Floor 2 Exam 5_PlugMisc_Equip,Watts per Zone Floor Area,11.84,8.288,15.392,uniform,float,G0003,
ElectricEquipment,Floor 2 Exam 6_PlugMisc_Equip,Watts per Zone Floor Area,11.84,8.288,15.392,uniform,float,G0003,
ElectricEquipment,Floor 2 Exam 7_PlugMisc_Equip,Watts per Zone Floor Area,11.84,8.288,15.392,uniform,float,G0003,
ElectricEquipment,Floor 2 Exam 8_PlugMisc_Equip,Watts per Zone Floor Area,11.84,8.288,15.392,uniform,float,G0003,
ElectricEquipment,Floor 2 Exam 9_PlugMisc_Equip,Watts per Zone Floor Area,11.84,8.288,15.392,uniform,float,G0003,
ElectricEquipment,Floor 2 Exam Hall 1_PlugMisc_Equip,Watts per Zone Floor Area,4.31,3.017,5.603,uniform,float,,
ElectricEquipment,Floor 2 Exam Hall 2_PlugMisc_Equip,Watts per Zone Floor Area,4.31,3.017,5.603,uniform,float,,
ElectricEquipment,Floor 2 Exam Hall 3_PlugMisc_Equip,Watts per Zone Floor Area,4.31,3.017,5.603,uniform,float,,
ElectricEquipment,Floor 2 Exam Hall 4_PlugMisc_Equip,Watts per Zone Floor Area,4.31,3.017,5.603,uniform,float,,
ElectricEquipment,Floor 2 Exam Hall 5_PlugMisc_Equip,Watts per Zone Floor Area,4.31,3.017,5.603,uniform,float,,
ElectricEquipment,Floor 2 Exam Hall 6_PlugMisc_Equip,Watts per Zone Floor Area,4.31,3.017,5.603,uniform,float,,
ElectricEquipment,Floor 2 Lounge_PlugMisc_Equip,Watts per Zone Floor Area,32.29,22.603,41.977,uniform,float,G0010,
ElectricEquipment,Floor 2 Nurse Station 1_PlugMisc_Equip,Watts per Zone Floor Area,21.53,15.071,27.989,uniform,float,G0009,
ElectricEquipment,Floor 2 Nurse Station 2_PlugMisc_Equip,Watts per Zone Floor Area,21.53,15.071,27.989,uniform,float,G0009,
ElectricEquipment,Floor 2 Office Hall_PlugMisc_Equip,Watts per Zone Floor Area,4.31,3.017,5.603,uniform,float,,
ElectricEquipment,Floor 2 Office_PlugMisc_Equip,Watts per Zone Floor Area,11.84,8.288,15.392,uniform,float,G0003,
ElectricEquipment,Floor 2 Reception Hall_PlugMisc_Equip,Watts per Zone Floor Area,4.31,3.017,5.603,uniform,float,,
ElectricEquipment,Floor 2 Reception Toilet_PlugMisc_Equip,Watts per Zone Floor Area,4.31,3.017,5.603,uniform,float,,
ElectricEquipment,Floor 2 Reception Toilet_ZoneExhaustFans,Design Level,36.6531065089,25.657,47.649,uniform,float,,
ElectricEquipment,Floor 2 Reception_PlugMisc_Equip,Watts per Zone Floor Area,11.84,8.288,15.392,uniform,float,G0003,
ElectricEquipment,Floor 2 Scheduling 1_PlugMisc_Equip,Watts per Zone Floor Area,11.84,8.288,15.392,uniform,float,G0003,
ElectricEquipment,Floor 2 Scheduling 2_PlugMisc_Equip,Watts per Zone Floor Area,11.84,8.288,15.392,uniform,float,G0003,
ElectricEquipment,Floor 2 Utility_PlugMisc_Equip,Watts per Zone Floor Area,1.08,0.756,1.404,uniform,float,,
ElectricEquipment,Floor 2 Work Hall_PlugMisc_Equip,Watts per Zone Floor Area,4.31,3.017,5.603,uniform,float,,
ElectricEquipment,Floor 2 Work Toilet_PlugMisc_Equip,Watts per Zone Floor Area,4.31,3.017,5.603,uniform,float,,
ElectricEquipment,Floor 2 Work Toilet_ZoneExhaustFans,Design Level,15.7100591716,10.997,20.423,uniform,float,,
ElectricEquipment,Floor 2 Work_PlugMisc_Equip,Watts per Zone Floor Area,11.84,8.288,15.392,uniform,float,G0003,
ElectricEquipment,Floor 2 X-Ray_PlugMisc_Equip,Design Level,1172.3,820.61,1523.99,uniform,float,,
ElectricEquipment,Floor 3 Dressing Room_PlugMisc_Equip,Watts per Zone Floor Area,11.84,8.288,15.392,uniform,float,G0003,
ElectricEquipment,Floor 3 Elevator Hall_PlugMisc_Equip,Watts per Zone Floor Area,4.31,3.017,5.603,uniform,float,,
ElectricEquipment,Floor 3 Humid_PlugMisc_Equip,Watts per Zone Floor Area,11.84,8.288,15.392,uniform,float,G0003,
ElectricEquipment,Floor 3 Locker_PlugMisc_Equip,Watts per Zone Floor Area,32.29,22.603,41.977,uniform,float,G0010,
ElectricEquipment,Floor 3 Lounge Toilet_PlugMisc_Equip,Watts per Zone Floor Area,4.31,3.017,5.603,uniform,float,,
ElectricEquipment,Floor 3 Lounge Toilet_ZoneExhaustFans,Design Level,55.850591716,39.095,72.6058,uniform,float,,
ElectricEquipment,Floor 3 Lounge_PlugMisc_Equip,Watts per Zone Floor Area,32.29,22.603,41.977,uniform,float,G0010,
ElectricEquipment,Floor 3 Mechanical Hall_PlugMisc_Equip,Watts per Zone Floor Area,4.31,3.017,5.603,uniform,float,,
ElectricEquipment,Floor 3 Mechanical_PlugMisc_Equip,Watts per Zone Floor Area,53.82,37.674,69.966,uniform,float,,
ElectricEquipment,Floor 3 Office Hall_PlugMisc_Equip,Watts per Zone Floor Area,4.31,3.017,5.603,uniform,float,,
ElectricEquipment,Floor 3 Office Toilet_PlugMisc_Equip,Watts per Zone Floor Area,4.31,3.017,5.603,uniform,float,,
ElectricEquipment,Floor 3 Office Toilet_ZoneExhaustFans,Design Level,15.7100591716,10.997,20.423,uniform,float,,
ElectricEquipment,Floor 3 Office_PlugMisc_Equip,Watts per Zone Floor Area,11.84,8.288,15.392,uniform,float,G0003,
ElectricEquipment,Floor 3 Physical Therapy 1_PlugMisc_Equip,Watts per Zone Floor Area,16.15,11.305,20.995,uniform,float,G0008,
ElectricEquipment,Floor 3 Physical Therapy 2_PlugMisc_Equip,Watts per Zone Floor Area,16.15,11.305,20.995,uniform,float,G0008,
ElectricEquipment,Floor 3 Physical Therapy Toilet_PlugMisc_Equip,Watts per Zone Floor Area,4.31,3.017,5.603,uniform,float,,
ElectricEquipment,Floor 3 Physical Therapy Toilet_ZoneExhaustFans,Design Level,24.4341715976,17.1039,31.7645,uniform,float,,
ElectricEquipment,Floor 3 Treatment_PlugMisc_Equip,Watts per Zone Floor Area,11.84,8.288,15.392,uniform,float,G0003,
ElectricEquipment,Floor 3 Utility_PlugMisc_Equip,Watts per Zone Floor Area,1.08,0.756,1.404,uniform,float,,
ElectricEquipment,Floor 3 Work_PlugMisc_Equip,Watts per Zone Floor Area,11.84,8.288,15.392,uniform,float,G0003,
GasEquipment,Floor 1 Operating Room 1_GasMisc_Equip,Watts per Zone Floor Area,75.3,52.71,97.89,uniform,float,,
GasEquipment,Floor 1 Operating Room 2_GasMisc_Equip,Watts per Zone Floor Area,75.3,52.71,97.89,uniform,float,,
GasEquipment,Floor 1 Operating Room 3_GasMisc_Equip,Watts per Zone Floor Area,75.3,52.71,97.89,uniform,float,,
ZoneInfiltration:DesignFlowRate,Floor 1 Anesthesia_Infiltration,Flow per Exterior Surface Area,0.000302,0.000211,0.000393,uniform,float,G0012,
ZoneInfiltration:DesignFlowRate,Floor 1 Cafe_Infiltration,Flow per Exterior Surface Area,0.000302,0.000211,0.000393,uniform,float,G0012,
ZoneInfiltration:DesignFlowRate,Floor 1 Dressing Room_Infiltration,Flow per Exterior Surface Area,0.000302,0.000211,0.000393,uniform,float,G0012,
ZoneInfiltration:DesignFlowRate,Floor 1 Electrical Room_Infiltration,Flow per Exterior Surface Area,0.000302,0.000211,0.000393,uniform,float,G0012,
ZoneInfiltration:DesignFlowRate,Floor 1 Elevator Pump Room_Infiltration,Flow per Exterior Surface Area,0.000302,0.000211,0.000393,uniform,float,G0012,
ZoneInfiltration:DesignFlowRate,Floor 1 Lobby Toilet_Infiltration,Flow per Exterior Surface Area,0.000302,0.000211,0.000393,uniform,float,G0012,
ZoneInfiltration:DesignFlowRate,Floor 1 Lobby_Infiltration,Flow per Exterior Surface Area,0.000302,0.000211,0.000393,uniform,float,G0012,
ZoneInfiltration:DesignFlowRate,Floor 1 Locker Room_Infiltration,Flow per Exterior Surface Area,0.000302,0.000211,0.000393,uniform,float,G0012,
ZoneInfiltration:DesignFlowRate,Floor 1 MRI Toilet_Infiltration,Flow per Exterior Surface Area,0.000302,0.000211,0.000393,uniform,float,G0012,
ZoneInfiltration:DesignFlowRate,Floor 1 Med Gas_Infiltration,Flow per Exterior Surface Area,0.000302,0.000211,0.000393,uniform,float,G0012,
ZoneInfiltration:DesignFlowRate,Floor 1 Operating Room 1_Infiltration,Flow per Exterior Surface Area,0.000302,0.000211,0.000393,uniform,float,G0012,
ZoneInfiltration:DesignFlowRate,Floor 1 Operating Room 2_Infiltration,Flow per Exterior Surface Area,0.000302,0.000211,0.000393,uniform,float,G0012,
ZoneInfiltration:DesignFlowRate,Floor 1 Pre-Op Room 1_Infiltration,Flow per Exterior Surface Area,0.000302,0.000211,0.000393,uniform,float,G0012,
ZoneInfiltration:DesignFlowRate,Floor 1 Pre-Op Toilet_Infiltration,Flow per Exterior Surface Area,0.000302,0.000211,0.000393,uniform,float,G0012,
ZoneInfiltration:DesignFlowRate,Floor 1 Procedure Room_Infiltration,Flow per Exterior Surface Area,0.000302,0.000211,0.000393,uniform,float,G0012,
ZoneInfiltration:DesignFlowRate,Floor 1 Reception_Infiltration,Flow per Exterior Surface Area,0.000302,0.000211,0.000393,uniform,float,G0012,
ZoneInfiltration:DesignFlowRate,Floor 1 Recovery Room_Infiltration,Flow per Exterior Surface Area,0.000302,0.000211,0.000393,uniform,float,G0012,
ZoneInfiltration:DesignFlowRate,Floor 1 Scheduling_Infiltration,Flow per Exterior Surface Area,0.000302,0.000211,0.000393,uniform,float,G0012,
ZoneInfiltration:DesignFlowRate,Floor 1 Step Down_Infiltration,Flow per Exterior Surface Area,0.000302,0.000211,0.000393,uniform,float,G0012,
ZoneInfiltration:DesignFlowRate,Floor 1 Storage_Infiltration,Flow per Exterior Surface Area,0.000302,0.000211,0.000393,uniform,float,G0012,
ZoneInfiltration:DesignFlowRate,Floor 1 Sub-Sterile_Infiltration,Flow per Exterior Surface Area,0.000302,0.000211,0.000393,uniform,float,G0012,
ZoneInfiltration:DesignFlowRate,Floor 1 Utility Hall_Infiltration,Flow per Exterior Surface Area,0.000302,0.000211,0.000393,uniform,float,G0012,
ZoneInfiltration:DesignFlowRate,Floor 1 Utility Room_Infiltration,Flow per Exterior Surface Area,0.000302,0.000211,0.000393,uniform,float,G0012,
ZoneInfiltration:DesignFlowRate,Floor 1 Vestibule_Infiltration,Flow per Exterior Surface Area,0.000302,0.000211,0.000393,uniform,float,G0012,
ZoneInfiltration:DesignFlowRate,Floor 2 Conference_Infiltration,Flow per Exterior Surface Area,0.000302,0.000211,0.000393,uniform,float,G0012,
ZoneInfiltration:DesignFlowRate,Floor 2 Exam 1_Infiltration,Flow per Exterior Surface Area,0.000302,0.000211,0.000393,uniform,float,G0012,
ZoneInfiltration:DesignFlowRate,Floor 2 Exam 2_Infiltration,Flow per Exterior Surface Area,0.000302,0.000211,0.000393,uniform,float,G0012,
ZoneInfiltration:DesignFlowRate,Floor 2 Exam 3_Infiltration,Flow per Exterior Surface Area,0.000302,0.000211,0.000393,uniform,float,G0012,
ZoneInfiltration:DesignFlowRate,Floor 2 Exam 4_Infiltration,Flow per Exterior Surface Area,0.000302,0.000211,0.000393,uniform,float,G0012,
ZoneInfiltration:DesignFlowRate,Floor 2 Exam 5_Infiltration,Flow per Exterior Surface Area,0.000302,0.000211,0.000393,uniform,float,G0012,
ZoneInfiltration:DesignFlowRate,Floor 2 Exam 6_Infiltration,Flow per Exterior Surface Area,0.000302,0.000211,0.000393,uniform,float,G0012,
ZoneInfiltration:DesignFlowRate,Floor 2 Exam 7_Infiltration,Flow per Exterior Surface Area,0.000302,0.000211,0.000393,uniform,float,G0012,
ZoneInfiltration:DesignFlowRate,Floor 2 Exam 8_Infiltration,Flow per Exterior Surface Area,0.000302,0.000211,0.000393,uniform,float,G0012,
ZoneInfiltration:DesignFlowRate,Floor 2 Exam 9_Infiltration,Flow per Exterior Surface Area,0.000302,0.000211,0.000393,uniform,float,G0012,
ZoneInfiltration:DesignFlowRate,Floor 2 Janitor_Infiltration,Flow per Exterior Surface Area,0.000302,0.000211,0.000393,uniform,float,G0012,
ZoneInfiltration:DesignFlowRate,Floor 2 Office_Infiltration,Flow per Exterior Surface Area,0.000302,0.000211,0.000393,uniform,float,G0012,
ZoneInfiltration:DesignFlowRate,Floor 2 Reception_Infiltration,Flow per Exterior Surface Area,0.000302,0.000211,0.000393,uniform,float,G0012,
ZoneInfiltration:DesignFlowRate,Floor 2 Utility_Infiltration,Flow per Exterior Surface Area,0.000302,0.000211,0.000393,uniform,float,G0012,
ZoneInfiltration:DesignFlowRate,Floor 2 Work Toilet_Infiltration,Flow per Exterior Surface Area,0.000302,0.000211,0.000393,uniform,float,G0012,
ZoneInfiltration:DesignFlowRate,Floor 2 Work_Infiltration,Flow per Exterior Surface Area,0.000302,0.000211,0.000393,uniform,float,G0012,
ZoneInfiltration:DesignFlowRate,Floor 3 Elevator Hall_Infiltration,Flow per Exterior Surface Area,0.000302,0.000211,0.000393,uniform,float,G0012,
ZoneInfiltration:DesignFlowRate,Floor 3 Janitor_Infiltration,Flow per Exterior Surface Area,0.000302,0.000211,0.000393,uniform,float,G0012,
ZoneInfiltration:DesignFlowRate,Floor 3 Lounge Toilet_Infiltration,Flow per Exterior Surface Area,0.000302,0.000211,0.000393,uniform,float,G0012,
ZoneInfiltration:DesignFlowRate,Floor 3 Lounge_Infiltration,Flow per Exterior Surface Area,0.000302,0.000211,0.000393,uniform,float,G0012,
ZoneInfiltration:DesignFlowRate,Floor 3 Mechanical_Infiltration,Flow per Exterior Surface Area,0.000302,0.000211,0.000393,uniform,float,G0012,
ZoneInfiltration:DesignFlowRate,Floor 3 Office_Infiltration,Flow per Exterior Surface Area,0.000302,0.000211,0.000393,uniform,float,G0012,
ZoneInfiltration:DesignFlowRate,Floor 3 Office Hall_Infiltration,Flow per Exterior Surface Area,0.000302,0.000211,0.000393,uniform,float,G0012,
ZoneInfiltration:DesignFlowRate,Floor 3 Office Toilet_Infiltration,Flow per Exterior Surface Area,0.000302,0.000211,0.000393,uniform,float,G0012,
ZoneInfiltration:DesignFlowRate,Floor 3 Physical Therapy 1_Infiltration,Flow per Exterior Surface Area,0.000302,0.000211,0.000393,uniform,float,G0012,
ZoneInfiltration:DesignFlowRate,Floor 3 Undeveloped 1_Infiltration,Flow per Exterior Surface Area,0.000302,0.000211,0.000393,uniform,float,G0012,
ZoneInfiltration:DesignFlowRate,Floor 3 Undeveloped 2_Infiltration,Flow per Exterior Surface Area,0.000302,0.000211,0.000393,uniform,float,G0012,
ZoneInfiltration:DesignFlowRate,Floor 3 Work_Infiltration,Flow per Exterior Surface Area,0.000302,0.000211,0.000393,uniform,float,G0012,
ZoneInfiltration:DesignFlowRate,NW Elevator_Infiltration,Air Changes per Hour,1.0,0.7,1.3,uniform,float,G0013,
ZoneInfiltration:DesignFlowRate,NW Stair_Infiltration,Air Changes per Hour,1.0,0.7,1.3,uniform,float,G0013,
ZoneInfiltration:DesignFlowRate,SW Stair_Infiltration,Air Changes per Hour,1.0,0.7,1.3,uniform,float,G0013,
Fan:VariableVolume,AHU-1_Fan,Fan Efficiency,0.6045,0.42315,0.78585,uniform,float,,
Fan:VariableVolume,AHU-1_Fan,Pressure Rise,1515.192,1060.634,1969.75,uniform,float,,
Fan:VariableVolume,AHU-2_Fan,Fan Efficiency,0.6045,0.42315,0.78585,uniform,float,,
Fan:VariableVolume,AHU-2_Fan,Pressure Rise,1515.192,1060.634,1969.75,uniform,float,,
Fan:ZoneExhaust,Floor 1 Anesthesia Exhaust Fan,Fan Efficiency,0.338,0.2366,0.4394,uniform,float,,
Fan:ZoneExhaust,Floor 1 Anesthesia Exhaust Fan,Pressure Rise,125.0,87.5,162.5,uniform,float,,
Fan:ZoneExhaust,Floor 1 MRI Control Room Exhaust Fan,Fan Efficiency,0.338,0.2366,0.4394,uniform,float,,
Fan:ZoneExhaust,Floor 1 MRI Control Room Exhaust Fan,Pressure Rise,125.0,87.5,162.5,uniform,float,,
Fan:ZoneExhaust,Floor 1 MRI Room Exhaust Fan,Fan Efficiency,0.338,0.2366,0.4394,uniform,float,,
Fan:ZoneExhaust,Floor 1 MRI Room Exhaust Fan,Pressure Rise,125.0,87.5,162.5,uniform,float,,
Fan:ZoneExhaust,Floor 1 Soil Exhaust Fan,Fan Efficiency,0.338,0.2366,0.4394,uniform,float,,
Fan:ZoneExhaust,Floor 1 Soil Exhaust Fan,Pressure Rise,125.0,87.5,162.5,uniform,float,,
Fan:ZoneExhaust,Floor 1 Soil Hold Exhaust Fan,Fan Efficiency,0.338,0.2366,0.4394,uniform,float,,
Fan:ZoneExhaust,Floor 1 Soil Hold Exhaust Fan,Pressure Rise,125.0,87.5,162.5,uniform,float,,
Fan:ZoneExhaust,Floor 1 Soil Work Exhaust Fan,Fan Efficiency,0.338,0.2366,0.4394,uniform,float,,
Fan:ZoneExhaust,Floor 1 Soil Work Exhaust Fan,Pressure Rise,125.0,87.5,162.5,uniform,float,,
Coil:Cooling:DX:TwoSpeed,AHU-1_CoolC DXCoil,Rated High Speed COP,3.23372055846,2.2638,4.2042,uniform,float,,
Coil:Cooling:DX:TwoSpeed,AHU-1_CoolC DXCoil,Rated Low Speed COP,3.28186528141,2.2974,4.2666,uniform,float,,
Coil:Cooling:DX:TwoSpeed,AHU-2_CoolC DXCoil,Rated High Speed COP,3.13380581903,2.1938,4.0742,uniform,float,,
Coil:Cooling:DX:TwoSpeed,AHU-2_CoolC DXCoil,Rated Low Speed COP,3.18046297763,2.226,4.134,uniform,float,,
Coil:Heating:Electric,Floor 2 Dictation VAV Box Reheat Coil,Efficiency,1.0,0.7,1.0,uniform,float,,
Coil:Heating:Electric,Floor 2 Exam 1 VAV Box Reheat Coil,Efficiency,1.0,0.7,1.0,uniform,float,,
Coil:Heating:Electric,Floor 2 Exam 2 VAV Box Reheat Coil,Efficiency,1.0,0.7,1.0,uniform,float,,
Coil:Heating:Electric,Floor 2 Exam 3 VAV Box Reheat Coil,Efficiency,1.0,0.7,1.0,uniform,float,,
Coil:Heating:Electric,Floor 2 Exam 4 VAV Box Reheat Coil,Efficiency,1.0,0.7,1.0,uniform,float,,
Coil:Heating:Electric,Floor 2 Exam 5 VAV Box Reheat Coil,Efficiency,1.0,0.7,1.0,uniform,float,,
Coil:Heating:Electric,Floor 2 Exam 6 VAV Box Reheat Coil,Efficiency,1.0,0.7,1.0,uniform,float,,
Coil:Heating:Electric,Floor 2 Exam 7 VAV Box Reheat Coil,Efficiency,1.0,0.7,1.0,uniform,float,,
Coil:Heating:Electric,Floor 2 Exam 8 VAV Box Reheat Coil,Efficiency,1.0,0.7,1.0,uniform,float,,
Coil:Heating:Electric,Floor 2 Exam 9 VAV Box Reheat Coil,Efficiency,1.0,0.7,1.0,uniform,float,,
Coil:Heating:Electric,Floor 2 Exam Hall 1 VAV Box Reheat Coil,Efficiency,1.0,0.7,1.0,uniform,float,,
Coil:Heating:Electric,Floor 2 Exam Hall 2 VAV Box Reheat Coil,Efficiency,1.0,0.7,1.0,uniform,float,,
Coil:Heating:Electric,Floor 2 Exam Hall 3 VAV Box Reheat Coil,Efficiency,1.0,0.7,1.0,uniform,float,,
Coil:Heating:Electric,Floor 2 Exam Hall 4 VAV Box Reheat Coil,Efficiency,1.0,0.7,1.0,uniform,float,,
Coil:Heating:Electric,Floor 2 Exam Hall 5 VAV Box Reheat Coil,Efficiency,1.0,0.7,1.0,uniform,float,,
Coil:Heating:Electric,Floor 2 Exam Hall 6 VAV Box Reheat Coil,Efficiency,1.0,0.7,1.0,uniform,float,,
Coil:Heating:Electric,Floor 2 Lounge VAV Box Reheat Coil,Efficiency,1.0,0.7,1.0,uniform,float,,
Coil:Heating:Electric,Floor 2 Nurse Station 1 VAV Box Reheat Coil,Efficiency,1.0,0.7,1.0,uniform,float,,
Coil:Heating:Electric,Floor 2 Nurse Station 2 VAV Box Reheat Coil,Efficiency,1.0,0.7,1.0,uniform,float,,
Coil:Heating:Electric,Floor 2 Office Hall VAV Box Reheat Coil,Efficiency,1.0,0.7,1.0,uniform,float,,
Coil:Heating:Electric,Floor 2 Office VAV Box Reheat Coil,Efficiency,1.0,0.7,1.0,uniform,float,,
Coil:Heating:Electric,Floor 2 Reception Hall VAV Box Reheat Coil,Efficiency,1.0,0.7,1.0,uniform,float,,
Coil:Heating:Electric,Floor 2 Reception VAV Box Reheat Coil,Efficiency,1.0,0.7,1.0,uniform,float,,
Coil:Heating:Electric,Floor 2 Scheduling 1 VAV Box Reheat Coil,Efficiency,1.0,0.7,1.0,uniform,float,,
Coil:Heating:Electric,Floor 2 Scheduling 2 VAV Box Reheat Coil,Efficiency,1.0,0.7,1.0,uniform,float,,
Coil:Heating:Electric,Floor 2 Work Hall VAV Box Reheat Coil,Efficiency,1.0,0.7,1.0,uniform,float,,
Coil:Heating:Electric,Floor 2 Work VAV Box Reheat Coil,Efficiency,1.0,0.7,1.0,uniform,float,,
Coil:Heating:Electric,Floor 2 X-Ray VAV Box Reheat Coil,Efficiency,1.0,0.7,1.0,uniform,float,,
Coil:Heating:Electric,Floor 3 Dressing Room VAV Box Reheat Coil,Efficiency,1.0,0.7,1.0,uniform,float,,
Coil:Heating:Electric,Floor 3 Elevator Hall VAV Box Reheat Coil,Efficiency,1.0,0.7,1.0,uniform,float,,
Coil:Heating:Electric,Floor 3 Humid VAV Box Reheat Coil,Efficiency,1.0,0.7,1.0,uniform,float,,
Coil:Heating:Electric,Floor 3 Locker VAV Box Reheat Coil,Efficiency,1.0,0.7,1.0,uniform,float,,
Coil:Heating:Electric,Floor 3 Lounge VAV Box Reheat Coil,Efficiency,1.0,0.7,1.0,uniform,float,,
Coil:Heating:Electric,Floor 3 Mechanical Hall VAV Box Reheat Coil,Efficiency,1.0,0.7,1.0,uniform,float,,
Coil:Heating:Electric,Floor 3 Office Hall VAV Box Reheat Coil,Efficiency,1.0,0.7,1.0,uniform,float,,
Coil:Heating:Electric,Floor 3 Office VAV Box Reheat Coil,Efficiency,1.0,0.7,1.0,uniform,float,,
Coil:Heating:Electric,Floor 3 Physical Therapy 1 VAV Box Reheat Coil,Efficiency,1.0,0.7,1.0,uniform,float,,
Coil:Heating:Electric,Floor 3 Physical Therapy 2 VAV Box Reheat Coil,Efficiency,1.0,0.7,1.0,uniform,float,,
Coil:Heating:Electric,Floor 3 Treatment VAV Box Reheat Coil,Efficiency,1.0,0.7,1.0,uniform,float,,
Coil:Heating:Electric,Floor 3 Work VAV Box Reheat Coil,Efficiency,1.0,0.7,1.0,uniform,float,,
Humidifier:Steam:Electric,AHU-1 Humidifier,Rated Capacity,3.72e-05,2.63e-05,4.88e-05,uniform,float,,
Humidifier:Steam:Electric,AHU-1 Humidifier,Rated Power,100000.0,70000.0,130000.0,uniform,float,,
AirTerminal:SingleDuct:VAV:Reheat,Floor 1 Anesthesia VAV Box Component,Constant Minimum Air Flow Fraction,1.0,0.7,1.0,uniform,float,,
AirTerminal:SingleDuct:VAV:Reheat,Floor 1 Bio Haz VAV Box Component,Constant Minimum Air Flow Fraction,1.0,0.7,1.0,uniform,float,,
AirTerminal:SingleDuct:VAV:Reheat,Floor 1 Cafe VAV Box Component,Constant Minimum Air Flow Fraction,1.0,0.7,1.0,uniform,float,,
AirTerminal:SingleDuct:VAV:Reheat,Floor 1 Clean VAV Box Component,Constant Minimum Air Flow Fraction,1.0,0.7,1.0,uniform,float,,
AirTerminal:SingleDuct:VAV:Reheat,Floor 1 Clean Work VAV Box Component,Constant Minimum Air Flow Fraction,1.0,0.7,1.0,uniform,float,,
AirTerminal:SingleDuct:VAV:Reheat,Floor 1 Dictation VAV Box Component,Constant Minimum Air Flow Fraction,1.0,0.7,1.0,uniform,float,,
AirTerminal:SingleDuct:VAV:Reheat,Floor 1 Dressing Room VAV Box Component,Constant Minimum Air Flow Fraction,1.0,0.7,1.0,uniform,float,,
AirTerminal:SingleDuct:VAV:Reheat,Floor 1 Humid VAV Box Component,Constant Minimum Air Flow Fraction,1.0,0.7,1.0,uniform,float,,
AirTerminal:SingleDuct:VAV:Reheat,Floor 1 IT Hall VAV Box Component,Constant Minimum Air Flow Fraction,1.0,0.7,1.0,uniform,float,,
AirTerminal:SingleDuct:VAV:Reheat,Floor 1 IT Room VAV Box Component,Constant Minimum Air Flow Fraction,1.0,0.7,1.0,uniform,float,,
AirTerminal:SingleDuct:VAV:Reheat,Floor 1 Lobby Hall VAV Box Component,Constant Minimum Air Flow Fraction,1.0,0.7,1.0,uniform,float,,
AirTerminal:SingleDuct:VAV:Reheat,Floor 1 Lobby VAV Box Component,Constant Minimum Air Flow Fraction,1.0,0.7,1.0,uniform,float,,
AirTerminal:SingleDuct:VAV:Reheat,Floor 1 Locker Room Hall VAV Box Component,Constant Minimum Air Flow Fraction,1.0,0.7,1.0,uniform,float,,
AirTerminal:SingleDuct:VAV:Reheat,Floor 1 Locker Room VAV Box Component,Constant Minimum Air Flow Fraction,1.0,0.7,1.0,uniform,float,,
AirTerminal:SingleDuct:VAV:Reheat,Floor 1 Lounge VAV Box Component,Constant Minimum Air Flow Fraction,1.0,0.7,1.0,uniform,float,,
AirTerminal:SingleDuct:VAV:Reheat,Floor 1 MRI Control Room VAV Box Component,Constant Minimum Air Flow Fraction,1.0,0.7,1.0,uniform,float,,
AirTerminal:SingleDuct:VAV:Reheat,Floor 1 MRI Hall VAV Box Component,Constant Minimum Air Flow Fraction,1.0,0.7,1.0,uniform,float,,
AirTerminal:SingleDuct:VAV:Reheat,Floor 1 MRI Room VAV Box Component,Constant Minimum Air Flow Fraction,1.0,0.7,1.0,uniform,float,,
AirTerminal:SingleDuct:VAV:Reheat,Floor 1 Med Gas VAV Box Component,Constant Minimum Air Flow Fraction,1.0,0.7,1.0,uniform,float,,
AirTerminal:SingleDuct:VAV:Reheat,Floor 1 Nourishment VAV Box Component,Constant Minimum Air Flow Fraction,1.0,0.7,1.0,uniform,float,,
AirTerminal:SingleDuct:VAV:Reheat,Floor 1 Nurse Hall VAV Box Component,Constant Minimum Air Flow Fraction,1.0,0.7,1.0,uniform,float,,
AirTerminal:SingleDuct:VAV:Reheat,Floor 1 Nurse Station VAV Box Component,Constant Minimum Air Flow Fraction,1.0,0.7,1.0,uniform,float,,
AirTerminal:SingleDuct:VAV:Reheat,Floor 1 Office VAV Box Component,Constant Minimum Air Flow Fraction,1.0,0.7,1.0,uniform,float,,
AirTerminal:SingleDuct:VAV:Reheat,Floor 1 Operating Room 1 VAV Box Component,Constant Minimum Air Flow Fraction,1.0,0.7,1.0,uniform,float,,
AirTerminal:SingleDuct:VAV:Reheat,Floor 1 Operating Room 2 VAV Box Component,Constant Minimum Air Flow Fraction,1.0,0.7,1.0,uniform,float,,
AirTerminal:SingleDuct:VAV:Reheat,Floor 1 Operating Room 3 VAV Box Component,Constant Minimum Air Flow Fraction,1.0,0.7,1.0,uniform,float,,
AirTerminal:SingleDuct:VAV:Reheat,Floor 1 PACU VAV Box Component,Constant Minimum Air Flow Fraction,1.0,0.7,1.0,uniform,float,,
AirTerminal:SingleDuct:VAV:Reheat,Floor 1 Pre-Op Hall VAV Box Component,Constant Minimum Air Flow Fraction,1.0,0.7,1.0,uniform,float,,
AirTerminal:SingleDuct:VAV:Reheat,Floor 1 Pre-Op Room 1 VAV Box Component,Constant Minimum Air Flow Fraction,1.0,0.7,1.0,uniform,float,,
AirTerminal:SingleDuct:VAV:Reheat,Floor 1 Pre-Op Room 2 VAV Box Component,Constant Minimum Air Flow Fraction,1.0,0.7,1.0,uniform,float,,
AirTerminal:SingleDuct:VAV:Reheat,Floor 1 Procedure Room VAV Box Component,Constant Minimum Air Flow Fraction,1.0,0.7,1.0,uniform,float,,
AirTerminal:SingleDuct:VAV:Reheat,Floor 1 Reception Hall VAV Box Component,Constant Minimum Air Flow Fraction,1.0,0.7,1.0,uniform,float,,
AirTerminal:SingleDuct:VAV:Reheat,Floor 1 Reception VAV Box Component,Constant Minimum Air Flow Fraction,1.0,0.7,1.0,uniform,float,,
AirTerminal:SingleDuct:VAV:Reheat,Floor 1 Recovery Room VAV Box Component,Constant Minimum Air Flow Fraction,1.0,0.7,1.0,uniform,float,,
AirTerminal:SingleDuct:VAV:Reheat,Floor 1 Scheduling VAV Box Component,Constant Minimum Air Flow Fraction,1.0,0.7,1.0,uniform,float,,
AirTerminal:SingleDuct:VAV:Reheat,Floor 1 Scrub VAV Box Component,Constant Minimum Air Flow Fraction,1.0,0.7,1.0,uniform,float,,
AirTerminal:SingleDuct:VAV:Reheat,Floor 1 Soil Hold VAV Box Component,Constant Minimum Air Flow Fraction,1.0,0.7,1.0,uniform,float,,
AirTerminal:SingleDuct:VAV:Reheat,Floor 1 Soil VAV Box Component,Constant Minimum Air Flow Fraction,1.0,0.7,1.0,uniform,float,,
AirTerminal:SingleDuct:VAV:Reheat,Floor 1 Soil Work VAV Box Component,Constant Minimum Air Flow Fraction,1.0,0.7,1.0,uniform,float,,
AirTerminal:SingleDuct:VAV:Reheat,Floor 1 Step Down VAV Box Component,Constant Minimum Air Flow Fraction,1.0,0.7,1.0,uniform,float,,
AirTerminal:SingleDuct:VAV:Reheat,Floor 1 Sterile Hall VAV Box Component,Constant Minimum Air Flow Fraction,1.0,0.7,1.0,uniform,float,,
AirTerminal:SingleDuct:VAV:Reheat,Floor 1 Sterile Storage VAV Box Component,Constant Minimum Air Flow Fraction,1.0,0.7,1.0,uniform,float,,
AirTerminal:SingleDuct:VAV:Reheat,Floor 1 Sub-Sterile VAV Box Component,Constant Minimum Air Flow Fraction,1.0,0.7,1.0,uniform,float,,
AirTerminal:SingleDuct:VAV:Reheat,Floor 1 Utility Hall VAV Box Component,Constant Minimum Air Flow Fraction,1.0,0.7,1.0,uniform,float,,
AirTerminal:SingleDuct:VAV:Reheat,Floor 1 Vestibule VAV Box Component,Constant Minimum Air Flow Fraction,1.0,0.7,1.0,uniform,float,,
AirTerminal:SingleDuct:VAV:Reheat,Floor 2 Conference VAV Box Component,Constant Minimum Air Flow Fraction,0.3,0.21,0.39,uniform,float,,
AirTerminal:SingleDuct:VAV:Reheat,Floor 2 Dictation VAV Box Component,Constant Minimum Air Flow Fraction,0.3,0.21,0.39,uniform,float,,
AirTerminal:SingleDuct:VAV:Reheat,Floor 2 Exam 1 VAV Box Component,Constant Minimum Air Flow Fraction,0.3,0.21,0.39,uniform,float,,
AirTerminal:SingleDuct:VAV:Reheat,Floor 2 Exam 2 VAV Box Component,Constant Minimum Air Flow Fraction,0.3,0.21,0.39,uniform,float,,
AirTerminal:SingleDuct:VAV:Reheat,Floor 2 Exam 3 VAV Box Component,Constant Minimum Air Flow Fraction,0.3,0.21,0.39,uniform,float,,
AirTerminal:SingleDuct:VAV:Reheat,Floor 2 Exam 4 VAV Box Component,Constant Minimum Air Flow Fraction,0.3,0.21,0.39,uniform,float,,
AirTerminal:SingleDuct:VAV:Reheat,Floor 2 Exam 5 VAV Box Component,Constant Minimum Air Flow Fraction,0.3,0.21,0.39,uniform,float,,
AirTerminal:SingleDuct:VAV:Reheat,Floor 2 Exam 6 VAV Box Component,Constant Minimum Air Flow Fraction,0.3,0.21,0.39,uniform,float,,
AirTerminal:SingleDuct:VAV:Reheat,Floor 2 Exam 7 VAV Box Component,Constant Minimum Air Flow Fraction,0.3,0.21,0.39,uniform,float,,
AirTerminal:SingleDuct:VAV:Reheat,Floor 2 Exam 8 VAV Box Component,Constant Minimum Air Flow Fraction,0.3,0.21,0.39,uniform,float,,
AirTerminal:SingleDuct:VAV:Reheat,Floor 2 Exam 9 VAV Box Component,Constant Minimum Air Flow Fraction,0.3,0.21,0.39,uniform,float,,
AirTerminal:SingleDuct:VAV:Reheat,Floor 2 Exam Hall 1 VAV Box Component,Constant Minimum Air Flow Fraction,0.3,0.21,0.39,uniform,float,,
AirTerminal:SingleDuct:VAV:Reheat,Floor 2 Exam Hall 2 VAV Box Component,Constant Minimum Air Flow Fraction,0.3,0.21,0.39,uniform,float,,
AirTerminal:SingleDuct:VAV:Reheat,Floor 2 Exam Hall 3 VAV Box Component,Constant Minimum Air Flow Fraction,0.3,0.21,0.39,uniform,float,,
AirTerminal:SingleDuct:VAV:Reheat,Floor 2 Exam Hall 4 VAV Box Component,Constant Minimum Air Flow Fraction,0.3,0.21,0.39,uniform,float,,
AirTerminal:SingleDuct:VAV:Reheat,Floor 2 Exam Hall 5 VAV Box Component,Constant Minimum Air Flow Fraction,0.3,0.21,0.39,uniform,float,,
AirTerminal:SingleDuct:VAV:Reheat,Floor 2 Exam Hall 6 VAV Box Component,Constant Minimum Air Flow Fraction,0.3,0.21,0.39,uniform,float,,
AirTerminal:SingleDuct:VAV:Reheat,Floor 2 Lounge VAV Box Component,Constant Minimum Air Flow Fraction,0.3,0.21,0.39,uniform,float,,
AirTerminal:SingleDuct:VAV:Reheat,Floor 2 Nurse Station 1 VAV Box Component,Constant Minimum Air Flow Fraction,0.3,0.21,0.39,uniform,float,,
AirTerminal:SingleDuct:VAV:Reheat,Floor 2 Nurse Station 2 VAV Box Component,Constant Minimum Air Flow Fraction,0.3,0.21,0.39,uniform,float,,
AirTerminal:SingleDuct:VAV:Reheat,Floor 2 Office Hall VAV Box Component,Constant Minimum Air Flow Fraction,0.3,0.21,0.39,uniform,float,,
AirTerminal:SingleDuct:VAV:Reheat,Floor 2 Office VAV Box Component,Constant Minimum Air Flow Fraction,0.3,0.21,0.39,uniform,float,,
AirTerminal:SingleDuct:VAV:Reheat,Floor 2 Reception Hall VAV Box Component,Constant Minimum Air Flow Fraction,0.3,0.21,0.39,uniform,float,,
AirTerminal:SingleDuct:VAV:Reheat,Floor 2 Reception VAV Box Component,Constant Minimum Air Flow Fraction,0.3,0.21,0.39,uniform,float,,
AirTerminal:SingleDuct:VAV:Reheat,Floor 2 Scheduling 1 VAV Box Component,Constant Minimum Air Flow Fraction,0.3,0.21,0.39,uniform,float,,
AirTerminal:SingleDuct:VAV:Reheat,Floor 2 Scheduling 2 VAV Box Component,Constant Minimum Air Flow Fraction,0.3,0.21,0.39,uniform,float,,
AirTerminal:SingleDuct:VAV:Reheat,Floor 2 Work Hall VAV Box Component,Constant Minimum Air Flow Fraction,0.3,0.21,0.39,uniform,float,,
AirTerminal:SingleDuct:VAV:Reheat,Floor 2 Work VAV Box Component,Constant Minimum Air Flow Fraction,0.3,0.21,0.39,uniform,float,,
AirTerminal:SingleDuct:VAV:Reheat,Floor 2 X-Ray VAV Box Component,Constant Minimum Air Flow Fraction,0.3,0.21,0.39,uniform,float,,
AirTerminal:SingleDuct:VAV:Reheat,Floor 3 Dressing Room VAV Box Component,Constant Minimum Air Flow Fraction,0.3,0.21,0.39,uniform,float,,
AirTerminal:SingleDuct:VAV:Reheat,Floor 3 Elevator Hall VAV Box Component,Constant Minimum Air Flow Fraction,0.3,0.21,0.39,uniform,float,,
AirTerminal:SingleDuct:VAV:Reheat,Floor 3 Humid VAV Box Component,Constant Minimum Air Flow Fraction,0.3,0.21,0.39,uniform,float,,
AirTerminal:SingleDuct:VAV:Reheat,Floor 3 Locker VAV Box Component,Constant Minimum Air Flow Fraction,0.3,0.21,0.39,uniform,float,,
AirTerminal:SingleDuct:VAV:Reheat,Floor 3 Lounge VAV Box Component,Constant Minimum Air Flow Fraction,0.3,0.21,0.39,uniform,float,,
AirTerminal:SingleDuct:VAV:Reheat,Floor 3 Mechanical Hall VAV Box Component,Constant Minimum Air Flow Fraction,0.3,0.21,0.39,uniform,float,,
AirTerminal:SingleDuct:VAV:Reheat,Floor 3 Office Hall VAV Box Component,Constant Minimum Air Flow Fraction,0.3,0.21,0.39,uniform,float,,
AirTerminal:SingleDuct:VAV:Reheat,Floor 3 Office VAV Box Component,Constant Minimum Air Flow Fraction,0.3,0.21,0.39,uniform,float,,
AirTerminal:SingleDuct:VAV:Reheat,Floor 3 Physical Therapy 1 VAV Box Component,Constant Minimum Air Flow Fraction,0.3,0.21,0.39,uniform,float,,
AirTerminal:SingleDuct:VAV:Reheat,Floor 3 Physical Therapy 2 VAV Box Component,Constant Minimum Air Flow Fraction,0.3,0.21,0.39,uniform,float,,
AirTerminal:SingleDuct:VAV:Reheat,Floor 3 Treatment VAV Box Component,Constant Minimum Air Flow Fraction,0.3,0.21,0.39,uniform,float,,
AirTerminal:SingleDuct:VAV:Reheat,Floor 3 Work VAV Box Component,Constant Minimum Air Flow Fraction,0.3,0.21,0.39,uniform,float,,
Sizing:System,Sizing:System,Minimum System Air Flow Ratio,1.0,0.7,1.0,uniform,float,,
Sizing:System,Sizing:System,Minimum System Air Flow Ratio,0.3,0.21,0.39,uniform,float,,
Controller:OutdoorAir,AHU-1_OA_Controller,Economizer Maximum Limit Dry-Bulb Temperature,18.3,12.81,23.79,uniform,float,,
Controller:OutdoorAir,AHU-1_OA_Controller,Economizer Maximum Limit Enthalpy,64000.0,44800.0,83200.0,uniform,float,,
Controller:OutdoorAir,AHU-2_OA_Controller,Economizer Maximum Limit Dry-Bulb Temperature,18.3,12.81,23.79,uniform,float,,
Controller:OutdoorAir,AHU-2_OA_Controller,Economizer Maximum Limit Enthalpy,64000.0,44800.0,83200.0,uniform,float,,
Schedule:Compact,OR_CLGSETP_SCH,Field 4,22.2,15.54,28.86,uniform,float,,
Schedule:Compact,OR_CLGSETP_SCH,Field 6,18.3,12.81,23.79,uniform,float,,
Schedule:Compact,OR_CLGSETP_SCH,Field 8,22.2,15.54,28.86,uniform,float,,
Schedule:Compact,OR_HTGSETP_SCH,Field 4,18.3,12.81,23.79,uniform,float,,
Schedule:Compact,CLGSETP_SCH,Field 4,25.0,17.5,32.5,uniform,float,,
Schedule:Compact,CLGSETP_SCH,Field 6,22.2,15.54,28.86,uniform,float,,
Schedule:Compact,CLGSETP_SCH,Field 8,25.0,17.5,32.5,uniform,float,,
Schedule:Compact,CLGSETP_SCH,Field 11,25.0,17.5,32.5,uniform,float,,
Schedule:Compact,CLGSETP_SCH,Field 13,22.2,15.54,28.86,uniform,float,,
Schedule:Compact,CLGSETP_SCH,Field 15,25.0,17.5,32.5,uniform,float,,
Schedule:Compact,CLGSETP_SCH,Field 18,25.0,17.5,32.5,uniform,float,,
Schedule:Compact,HTGSETP_SCH,Field 4,18.3,12.81,23.79,uniform,float,,
Schedule:Compact,HTGSETP_SCH,Field 6,21.1,14.77,27.43,uniform,float,,
Schedule:Compact,HTGSETP_SCH,Field 8,18.3,12.81,23.79,uniform,float,,
Schedule:Compact,HTGSETP_SCH,Field 11,18.3,12.81,23.79,uniform,float,,
Schedule:Compact,HTGSETP_SCH,Field 13,21.1,14.77,27.43,uniform,float,,
Schedule:Compact,HTGSETP_SCH,Field 15,18.3,12.81,23.79,uniform,float,,
Schedule:Compact,HTGSETP_SCH,Field 18,18.3,12.81,23.79,uniform,float,,
Schedule:Compact,MaxRelHumSetSch,Field 4,60.0,42.0,78.0,uniform,float,,
Schedule:Compact,MinRelHumSetSch,Field 4,40.0,28.0,52.0,uniform,float,,
Schedule:Compact,AHU-1_MinOAFracSchedule,Field 4,0.33,0.231,0.429,uniform,float,,
Schedule:Compact,VAV_SAT_SCH,Field 4,12.8,8.96,16.64,uniform,float,,
Schedule:Compact,CAV_SAT_SCH,Field 4,11.1,7.77,14.43,uniform,float,,
Boiler:HotWater,HeatSys1 Boiler,Nominal Thermal Efficiency,0.75,0.525,0.975,uniform,float,,
Boiler:HotWater,HeatSys1 Boiler,Design Water Outlet Temperature,82.2,57.74,95.0,uniform,float,,
Boiler:HotWater,HeatSys1 Boiler,Sizing Factor,0.3,0.21,0.39,uniform,float,,
Pump:ConstantSpeed,HeatSys1 Pump,Rated Pump Head,179352.0,125546.4,233157.6,uniform,float,,
Pump:ConstantSpeed,HeatSys1 Pump,Motor Efficiency,0.9,0.63,0.99,uniform,float,,
Pump:VariableSpeed,SWHSys1 Pump,Rated Pump Head,179352.0,125546.4,233157.6,uniform,float,,
Pump:VariableSpeed,SWHSys1 Pump,Motor Efficiency,0.9,0.63,0.99,uniform,float,,
